timestamp,frame_number,status,method,contour_count,person_count
2026-07-09 09:58:53.025,1,MOTION DETECTED,Background Subtraction (KNN),1,1
2026-07-09 09:58:53.177,2,MOTION DETECTED,Background Subtraction (KNN),1,1
2026-07-09 09:58:53.250,3,MOTION DETECTED,Background Subtraction (KNN),1,1
2026-07-09 09:58:53.306,4,MOTION DETECTED,Background Subtraction (KNN),1,1
2026-07-09 09:58:53.378,5,MOTION DETECTED,Background Subtraction (KNN),1,1
2026-07-09 09:58:53.443,6,MOTION DETECTED,Background Subtraction (KNN),1,1
2026-07-09 09:58:53.503,7,MOTION DETECTED,Background Subtraction (KNN),1,1
2026-07-09 09:58:53.562,8,MOTION DETECTED,Background Subtraction (KNN),1,1
2026-07-09 09:58:53.633,9,MOTION DETECTED,Background Subtraction (KNN),1,1
2026-07-09 09:58:53.716,10,MOTION DETECTED,Background Subtraction (KNN),1,1
2026-07-09 09:58:53.773,11,MOTION DETECTED,Background Subtraction (KNN),1,1
2026-07-09 09:58:53.828,12,MOTION DETECTED,Background Subtraction (KNN),1,1
2026-07-09 09:58:53.892,13,MOTION DETECTED,Background Subtraction (KNN),1,1
2026-07-09 09:58:53.986,14,MOTION DETECTED,Background Subtraction (KNN),1,1
2026-07-09 09:58:54.054,15,MOTION DETECTED,Background Subtraction (KNN),1,1
2026-07-09 09:58:54.266,16,MOTION DETECTED,Background Subtraction (KNN),1,1
2026-07-09 09:58:54.342,17,MOTION DETECTED,Background Subtraction (KNN),1,1
2026-07-09 09:58:54.412,18,MOTION DETECTED,Background Subtraction (KNN),1,1
2026-07-09 09:58:54.476,19,MOTION DETECTED,Background Subtraction (KNN),1,1
2026-07-09 09:58:54.524,20,MOTION DETECTED,Background Subtraction (KNN),4,4
2026-07-09 09:58:54.593,21,MOTION DETECTED,Background Subtraction (KNN),303,303
2026-07-09 09:58:54.643,22,MOTION DETECTED,Background Subtraction (KNN),58,58
2026-07-09 09:58:54.712,23,MOTION DETECTED,Background Subtraction (KNN),33,33
2026-07-09 09:58:54.778,24,MOTION DETECTED,Background Subtraction (KNN),35,35
2026-07-09 09:58:54.821,25,MOTION DETECTED,Background Subtraction (KNN),34,34
2026-07-09 09:58:54.859,26,MOTION DETECTED,Background Subtraction (KNN),32,32
2026-07-09 09:58:54.898,27,MOTION DETECTED,Background Subtraction (KNN),29,29
2026-07-09 09:58:54.949,28,MOTION DETECTED,Background Subtraction (KNN),28,28
2026-07-09 09:58:54.989,29,MOTION DETECTED,Background Subtraction (KNN),29,29
2026-07-09 09:58:55.024,30,MOTION DETECTED,Background Subtraction (KNN),27,27
2026-07-09 09:58:55.062,31,MOTION DETECTED,Background Subtraction (KNN),25,25
2026-07-09 09:58:55.101,32,MOTION DETECTED,Background Subtraction (KNN),27,27
2026-07-09 09:58:55.136,33,MOTION DETECTED,Background Subtraction (KNN),28,28
2026-07-09 09:58:55.182,34,MOTION DETECTED,Background Subtraction (KNN),30,30
2026-07-09 09:58:55.224,35,MOTION DETECTED,Background Subtraction (KNN),33,33
2026-07-09 09:58:55.265,36,MOTION DETECTED,Background Subtraction (KNN),28,28
2026-07-09 09:58:55.301,37,MOTION DETECTED,Background Subtraction (KNN),30,30
2026-07-09 09:58:55.343,38,MOTION DETECTED,Background Subtraction (KNN),31,31
2026-07-09 09:58:55.381,39,MOTION DETECTED,Background Subtraction (KNN),29,29
2026-07-09 09:58:55.429,40,MOTION DETECTED,Background Subtraction (KNN),30,30
2026-07-09 09:58:55.465,41,MOTION DETECTED,Background Subtraction (KNN),30,30
2026-07-09 09:58:55.511,42,MOTION DETECTED,Background Subtraction (KNN),28,28
2026-07-09 09:58:55.562,43,MOTION DETECTED,Background Subtraction (KNN),29,29
2026-07-09 09:58:55.625,44,MOTION DETECTED,Background Subtraction (KNN),30,30
2026-07-09 09:58:55.681,45,MOTION DETECTED,Background Subtraction (KNN),26,26
2026-07-09 09:58:55.729,46,MOTION DETECTED,Background Subtraction (KNN),28,28
2026-07-09 09:58:55.787,47,MOTION DETECTED,Background Subtraction (KNN),31,31
2026-07-09 09:58:55.838,48,MOTION DETECTED,Background Subtraction (KNN),28,28
2026-07-09 09:58:55.881,49,MOTION DETECTED,Background Subtraction (KNN),29,29
2026-07-09 09:58:55.929,50,MOTION DETECTED,Background Subtraction (KNN),30,30
2026-07-09 09:58:55.965,51,MOTION DETECTED,Background Subtraction (KNN),26,26
2026-07-09 09:58:55.991,52,MOTION DETECTED,Background Subtraction (KNN),28,28
2026-07-09 09:58:56.039,53,MOTION DETECTED,Background Subtraction (KNN),29,29
2026-07-09 09:58:56.076,54,MOTION DETECTED,Background Subtraction (KNN),31,31
2026-07-09 09:58:56.120,55,MOTION DETECTED,Background Subtraction (KNN),32,32
2026-07-09 09:58:56.156,56,MOTION DETECTED,Background Subtraction (KNN),33,33
2026-07-09 09:58:56.200,57,MOTION DETECTED,Background Subtraction (KNN),32,32
2026-07-09 09:58:56.256,58,MOTION DETECTED,Background Subtraction (KNN),31,31
2026-07-09 09:58:56.293,59,MOTION DETECTED,Background Subtraction (KNN),32,32
2026-07-09 09:58:56.333,60,MOTION DETECTED,Background Subtraction (KNN),34,34
2026-07-09 09:58:56.372,61,MOTION DETECTED,Background Subtraction (KNN),28,28
2026-07-09 09:58:56.407,62,MOTION DETECTED,Background Subtraction (KNN),34,34
2026-07-09 09:58:56.452,63,MOTION DETECTED,Background Subtraction (KNN),29,29
2026-07-09 09:58:56.509,64,MOTION DETECTED,Background Subtraction (KNN),30,30
2026-07-09 09:58:56.556,65,MOTION DETECTED,Background Subtraction (KNN),31,31
2026-07-09 09:58:56.596,66,MOTION DETECTED,Background Subtraction (KNN),32,32
2026-07-09 09:58:56.652,67,MOTION DETECTED,Background Subtraction (KNN),31,31
2026-07-09 09:58:56.687,68,MOTION DETECTED,Background Subtraction (KNN),33,33
2026-07-09 09:58:56.714,69,MOTION DETECTED,Background Subtraction (KNN),35,35
2026-07-09 09:58:56.765,70,MOTION DETECTED,Background Subtraction (KNN),35,35
2026-07-09 09:58:56.812,71,MOTION DETECTED,Background Subtraction (KNN),36,36
2026-07-09 09:58:56.868,72,MOTION DETECTED,Background Subtraction (KNN),37,37
2026-07-09 09:58:56.941,73,MOTION DETECTED,Background Subtraction (KNN),41,41
2026-07-09 09:58:56.983,74,MOTION DETECTED,Background Subtraction (KNN),40,40
2026-07-09 09:58:57.030,75,MOTION DETECTED,Background Subtraction (KNN),39,39
2026-07-09 09:58:57.088,76,MOTION DETECTED,Background Subtraction (KNN),37,37
2026-07-09 09:58:57.134,77,MOTION DETECTED,Background Subtraction (KNN),36,36
2026-07-09 09:58:57.181,78,MOTION DETECTED,Background Subtraction (KNN),41,41
2026-07-09 09:58:57.229,79,MOTION DETECTED,Background Subtraction (KNN),42,42
2026-07-09 09:58:57.295,80,MOTION DETECTED,Background Subtraction (KNN),40,40
2026-07-09 09:58:57.344,81,MOTION DETECTED,Background Subtraction (KNN),45,45
2026-07-09 09:58:57.391,82,MOTION DETECTED,Background Subtraction (KNN),47,47
2026-07-09 09:58:57.442,83,MOTION DETECTED,Background Subtraction (KNN),40,40
2026-07-09 09:58:57.491,84,MOTION DETECTED,Background Subtraction (KNN),37,37
2026-07-09 09:58:57.530,85,MOTION DETECTED,Background Subtraction (KNN),34,34
2026-07-09 09:58:57.616,86,MOTION DETECTED,Background Subtraction (KNN),36,36
2026-07-09 09:58:57.659,87,MOTION DETECTED,Background Subtraction (KNN),34,34
2026-07-09 09:58:57.706,88,MOTION DETECTED,Background Subtraction (KNN),36,36
2026-07-09 09:58:57.759,89,MOTION DETECTED,Background Subtraction (KNN),39,39
2026-07-09 09:58:57.811,90,MOTION DETECTED,Background Subtraction (KNN),41,41
2026-07-09 09:58:57.857,91,MOTION DETECTED,Background Subtraction (KNN),42,42
2026-07-09 09:58:57.893,92,MOTION DETECTED,Background Subtraction (KNN),43,43
2026-07-09 09:58:57.946,93,MOTION DETECTED,Background Subtraction (KNN),43,43
2026-07-09 09:58:58.030,94,MOTION DETECTED,Background Subtraction (KNN),45,45
2026-07-09 09:58:58.073,95,MOTION DETECTED,Background Subtraction (KNN),41,41
2026-07-09 09:58:58.114,96,MOTION DETECTED,Background Subtraction (KNN),41,41
2026-07-09 09:58:58.154,97,MOTION DETECTED,Background Subtraction (KNN),43,43
2026-07-09 09:58:58.195,98,MOTION DETECTED,Background Subtraction (KNN),41,41
2026-07-09 09:58:58.232,99,MOTION DETECTED,Background Subtraction (KNN),44,44
2026-07-09 09:58:58.276,100,MOTION DETECTED,Background Subtraction (KNN),42,42
2026-07-09 09:58:58.315,101,MOTION DETECTED,Background Subtraction (KNN),43,43
2026-07-09 09:58:58.379,102,MOTION DETECTED,Background Subtraction (KNN),41,41
2026-07-09 09:58:58.418,103,MOTION DETECTED,Background Subtraction (KNN),39,39
2026-07-09 09:58:58.473,104,MOTION DETECTED,Background Subtraction (KNN),35,35
2026-07-09 09:58:58.523,105,MOTION DETECTED,Background Subtraction (KNN),36,36
2026-07-09 09:58:58.577,106,MOTION DETECTED,Background Subtraction (KNN),36,36
2026-07-09 09:58:58.623,107,MOTION DETECTED,Background Subtraction (KNN),37,37
2026-07-09 09:58:58.677,108,MOTION DETECTED,Background Subtraction (KNN),44,44
2026-07-09 09:58:58.723,109,MOTION DETECTED,Background Subtraction (KNN),43,43
2026-07-09 09:58:58.790,110,MOTION DETECTED,Background Subtraction (KNN),47,47
2026-07-09 09:58:58.831,111,MOTION DETECTED,Background Subtraction (KNN),46,46
2026-07-09 09:58:58.892,112,MOTION DETECTED,Background Subtraction (KNN),44,44
2026-07-09 09:58:58.942,113,MOTION DETECTED,Background Subtraction (KNN),43,43
2026-07-09 09:58:58.994,114,MOTION DETECTED,Background Subtraction (KNN),50,50
2026-07-09 09:58:59.044,115,MOTION DETECTED,Background Subtraction (KNN),55,55
2026-07-09 09:58:59.090,116,MOTION DETECTED,Background Subtraction (KNN),48,48
2026-07-09 09:58:59.127,117,MOTION DETECTED,Background Subtraction (KNN),51,51
2026-07-09 09:58:59.163,118,MOTION DETECTED,Background Subtraction (KNN),50,50
2026-07-09 09:58:59.216,119,MOTION DETECTED,Background Subtraction (KNN),52,52
2026-07-09 09:58:59.263,120,MOTION DETECTED,Background Subtraction (KNN),52,52
2026-07-09 09:58:59.299,121,MOTION DETECTED,Background Subtraction (KNN),53,53
2026-07-09 09:58:59.346,122,MOTION DETECTED,Background Subtraction (KNN),50,50
2026-07-09 09:58:59.385,123,MOTION DETECTED,Background Subtraction (KNN),52,52
2026-07-09 09:58:59.420,124,MOTION DETECTED,Background Subtraction (KNN),48,48
2026-07-09 09:58:59.467,125,MOTION DETECTED,Background Subtraction (KNN),46,46
2026-07-09 09:58:59.511,126,MOTION DETECTED,Background Subtraction (KNN),45,45
2026-07-09 09:58:59.548,127,MOTION DETECTED,Background Subtraction (KNN),43,43
2026-07-09 09:58:59.595,128,MOTION DETECTED,Background Subtraction (KNN),45,45
2026-07-09 09:58:59.652,129,MOTION DETECTED,Background Subtraction (KNN),44,44
2026-07-09 09:58:59.691,130,MOTION DETECTED,Background Subtraction (KNN),42,42
2026-07-09 09:58:59.733,131,MOTION DETECTED,Background Subtraction (KNN),40,40
2026-07-09 09:58:59.769,132,MOTION DETECTED,Background Subtraction (KNN),42,42
2026-07-09 09:58:59.810,133,MOTION DETECTED,Background Subtraction (KNN),43,43
2026-07-09 09:58:59.858,134,MOTION DETECTED,Background Subtraction (KNN),46,46
2026-07-09 09:58:59.901,135,MOTION DETECTED,Background Subtraction (KNN),51,51
2026-07-09 09:58:59.929,136,MOTION DETECTED,Background Subtraction (KNN),48,48
2026-07-09 09:58:59.976,137,MOTION DETECTED,Background Subtraction (KNN),51,51
2026-07-09 09:59:00.041,138,MOTION DETECTED,Background Subtraction (KNN),48,48
2026-07-09 09:59:00.106,139,MOTION DETECTED,Background Subtraction (KNN),49,49
2026-07-09 09:59:00.160,140,MOTION DETECTED,Background Subtraction (KNN),51,51
2026-07-09 09:59:00.208,141,MOTION DETECTED,Background Subtraction (KNN),53,53
2026-07-09 09:59:00.256,142,MOTION DETECTED,Background Subtraction (KNN),50,50
2026-07-09 09:59:00.307,143,MOTION DETECTED,Background Subtraction (KNN),49,49
2026-07-09 09:59:00.359,144,MOTION DETECTED,Background Subtraction (KNN),50,50
2026-07-09 09:59:00.408,145,MOTION DETECTED,Background Subtraction (KNN),51,51
2026-07-09 09:59:00.462,146,MOTION DETECTED,Background Subtraction (KNN),50,50
2026-07-09 09:59:00.506,147,MOTION DETECTED,Background Subtraction (KNN),50,50
2026-07-09 09:59:00.542,148,MOTION DETECTED,Background Subtraction (KNN),51,51
2026-07-09 09:59:00.577,149,MOTION DETECTED,Background Subtraction (KNN),46,46
2026-07-09 09:59:00.665,150,MOTION DETECTED,Background Subtraction (KNN),46,46
2026-07-09 09:59:00.710,151,MOTION DETECTED,Background Subtraction (KNN),49,49
2026-07-09 09:59:00.753,152,MOTION DETECTED,Background Subtraction (KNN),48,48
2026-07-09 09:59:00.799,153,MOTION DETECTED,Background Subtraction (KNN),47,47
2026-07-09 09:59:00.856,154,MOTION DETECTED,Background Subtraction (KNN),49,49
2026-07-09 09:59:00.910,155,MOTION DETECTED,Background Subtraction (KNN),47,47
2026-07-09 09:59:00.945,156,MOTION DETECTED,Background Subtraction (KNN),50,50
2026-07-09 09:59:00.993,157,MOTION DETECTED,Background Subtraction (KNN),49,49
2026-07-09 09:59:01.024,158,MOTION DETECTED,Background Subtraction (KNN),52,52
2026-07-09 09:59:01.081,159,MOTION DETECTED,Background Subtraction (KNN),53,53
2026-07-09 09:59:01.128,160,MOTION DETECTED,Background Subtraction (KNN),51,51
2026-07-09 09:59:01.190,161,MOTION DETECTED,Background Subtraction (KNN),48,48
2026-07-09 09:59:01.246,162,MOTION DETECTED,Background Subtraction (KNN),48,48
2026-07-09 09:59:01.285,163,MOTION DETECTED,Background Subtraction (KNN),47,47
2026-07-09 09:59:01.342,164,MOTION DETECTED,Background Subtraction (KNN),46,46
2026-07-09 09:59:01.391,165,MOTION DETECTED,Background Subtraction (KNN),47,47
2026-07-09 09:59:01.473,166,MOTION DETECTED,Background Subtraction (KNN),51,51
2026-07-09 09:59:01.524,167,MOTION DETECTED,Background Subtraction (KNN),52,52
2026-07-09 09:59:01.577,168,MOTION DETECTED,Background Subtraction (KNN),53,53
2026-07-09 09:59:01.654,169,MOTION DETECTED,Background Subtraction (KNN),51,51
2026-07-09 09:59:01.716,170,MOTION DETECTED,Background Subtraction (KNN),51,51
2026-07-09 09:59:01.763,171,MOTION DETECTED,Background Subtraction (KNN),51,51
2026-07-09 09:59:01.826,172,MOTION DETECTED,Background Subtraction (KNN),53,53
2026-07-09 09:59:01.890,173,MOTION DETECTED,Background Subtraction (KNN),53,53
2026-07-09 09:59:01.956,174,MOTION DETECTED,Background Subtraction (KNN),49,49
2026-07-09 09:59:01.996,175,MOTION DETECTED,Background Subtraction (KNN),47,47
2026-07-09 09:59:02.030,176,MOTION DETECTED,Background Subtraction (KNN),50,50
2026-07-09 09:59:02.080,177,MOTION DETECTED,Background Subtraction (KNN),50,50
2026-07-09 09:59:02.115,178,MOTION DETECTED,Background Subtraction (KNN),47,47
2026-07-09 09:59:02.164,179,MOTION DETECTED,Background Subtraction (KNN),46,46
2026-07-09 09:59:02.192,180,MOTION DETECTED,Background Subtraction (KNN),50,50
2026-07-09 09:59:02.232,181,MOTION DETECTED,Background Subtraction (KNN),51,51
2026-07-09 09:59:02.273,182,MOTION DETECTED,Background Subtraction (KNN),54,54
2026-07-09 09:59:02.318,183,MOTION DETECTED,Background Subtraction (KNN),51,51
2026-07-09 09:59:02.349,184,MOTION DETECTED,Background Subtraction (KNN),55,55
2026-07-09 09:59:02.387,185,MOTION DETECTED,Background Subtraction (KNN),53,53
2026-07-09 09:59:02.432,186,MOTION DETECTED,Background Subtraction (KNN),53,53
2026-07-09 09:59:02.472,187,MOTION DETECTED,Background Subtraction (KNN),47,47
2026-07-09 09:59:02.511,188,MOTION DETECTED,Background Subtraction (KNN),43,43
2026-07-09 09:59:02.547,189,MOTION DETECTED,Background Subtraction (KNN),43,43
2026-07-09 09:59:02.584,190,MOTION DETECTED,Background Subtraction (KNN),44,44
2026-07-09 09:59:02.612,191,MOTION DETECTED,Background Subtraction (KNN),41,41
2026-07-09 09:59:02.653,192,MOTION DETECTED,Background Subtraction (KNN),41,41
2026-07-09 09:59:02.688,193,MOTION DETECTED,Background Subtraction (KNN),45,45
2026-07-09 09:59:02.721,194,MOTION DETECTED,Background Subtraction (KNN),43,43
2026-07-09 09:59:02.764,195,MOTION DETECTED,Background Subtraction (KNN),42,42
2026-07-09 09:59:02.799,196,MOTION DETECTED,Background Subtraction (KNN),39,39
2026-07-09 09:59:02.842,197,MOTION DETECTED,Background Subtraction (KNN),40,40
2026-07-09 09:59:02.882,198,MOTION DETECTED,Background Subtraction (KNN),40,40
2026-07-09 09:59:02.920,199,MOTION DETECTED,Background Subtraction (KNN),40,40
2026-07-09 09:59:02.961,200,MOTION DETECTED,Background Subtraction (KNN),39,39
2026-07-09 09:59:03.000,201,MOTION DETECTED,Background Subtraction (KNN),39,39
2026-07-09 09:59:03.057,202,MOTION DETECTED,Background Subtraction (KNN),36,36
2026-07-09 09:59:03.107,203,MOTION DETECTED,Background Subtraction (KNN),34,34
2026-07-09 09:59:03.146,204,MOTION DETECTED,Background Subtraction (KNN),35,35
2026-07-09 09:59:03.191,205,MOTION DETECTED,Background Subtraction (KNN),37,37
2026-07-09 09:59:03.233,206,MOTION DETECTED,Background Subtraction (KNN),39,39
2026-07-09 09:59:03.290,207,MOTION DETECTED,Background Subtraction (KNN),38,38
2026-07-09 09:59:03.328,208,MOTION DETECTED,Background Subtraction (KNN),38,38
2026-07-09 09:59:03.385,209,MOTION DETECTED,Background Subtraction (KNN),40,40
2026-07-09 09:59:03.428,210,MOTION DETECTED,Background Subtraction (KNN),44,44
2026-07-09 09:59:03.482,211,MOTION DETECTED,Background Subtraction (KNN),48,48
2026-07-09 09:59:03.532,212,MOTION DETECTED,Background Subtraction (KNN),49,49
2026-07-09 09:59:03.573,213,MOTION DETECTED,Background Subtraction (KNN),42,42
2026-07-09 09:59:03.623,214,MOTION DETECTED,Background Subtraction (KNN),43,43
2026-07-09 09:59:03.673,215,MOTION DETECTED,Background Subtraction (KNN),42,42
2026-07-09 09:59:03.722,216,MOTION DETECTED,Background Subtraction (KNN),44,44
2026-07-09 09:59:03.764,217,MOTION DETECTED,Background Subtraction (KNN),42,42
2026-07-09 09:59:03.821,218,MOTION DETECTED,Background Subtraction (KNN),41,41
2026-07-09 09:59:03.871,219,MOTION DETECTED,Background Subtraction (KNN),42,42
2026-07-09 09:59:03.927,220,MOTION DETECTED,Background Subtraction (KNN),41,41
2026-07-09 09:59:03.965,221,MOTION DETECTED,Background Subtraction (KNN),40,40
2026-07-09 09:59:04.021,222,MOTION DETECTED,Background Subtraction (KNN),40,40
2026-07-09 09:59:04.064,223,MOTION DETECTED,Background Subtraction (KNN),42,42
2026-07-09 09:59:04.107,224,MOTION DETECTED,Background Subtraction (KNN),39,39
2026-07-09 09:59:04.158,225,MOTION DETECTED,Background Subtraction (KNN),38,38
2026-07-09 09:59:04.205,226,MOTION DETECTED,Background Subtraction (KNN),42,42
2026-07-09 09:59:04.245,227,MOTION DETECTED,Background Subtraction (KNN),41,41
2026-07-09 09:59:04.291,228,MOTION DETECTED,Background Subtraction (KNN),43,43
2026-07-09 09:59:04.339,229,MOTION DETECTED,Background Subtraction (KNN),41,41
2026-07-09 09:59:04.411,230,MOTION DETECTED,Background Subtraction (KNN),40,40
2026-07-09 09:59:04.460,231,MOTION DETECTED,Background Subtraction (KNN),40,40
2026-07-09 09:59:04.508,232,MOTION DETECTED,Background Subtraction (KNN),40,40
2026-07-09 09:59:04.550,233,MOTION DETECTED,Background Subtraction (KNN),38,38
2026-07-09 09:59:04.600,234,MOTION DETECTED,Background Subtraction (KNN),38,38
2026-07-09 09:59:04.650,235,MOTION DETECTED,Background Subtraction (KNN),38,38
2026-07-09 09:59:04.696,236,MOTION DETECTED,Background Subtraction (KNN),37,37
2026-07-09 09:59:04.752,237,MOTION DETECTED,Background Subtraction (KNN),39,39
2026-07-09 09:59:04.832,238,MOTION DETECTED,Background Subtraction (KNN),41,41
2026-07-09 09:59:04.892,239,MOTION DETECTED,Background Subtraction (KNN),43,43
2026-07-09 09:59:04.954,240,MOTION DETECTED,Background Subtraction (KNN),41,41
2026-07-09 09:59:05.005,241,MOTION DETECTED,Background Subtraction (KNN),40,40
2026-07-09 09:59:05.086,242,MOTION DETECTED,Background Subtraction (KNN),42,42
2026-07-09 09:59:05.134,243,MOTION DETECTED,Background Subtraction (KNN),44,44
2026-07-09 09:59:05.179,244,MOTION DETECTED,Background Subtraction (KNN),40,40
2026-07-09 09:59:05.231,245,MOTION DETECTED,Background Subtraction (KNN),41,41
2026-07-09 09:59:05.284,246,MOTION DETECTED,Background Subtraction (KNN),40,40
2026-07-09 09:59:05.330,247,MOTION DETECTED,Background Subtraction (KNN),41,41
2026-07-09 09:59:05.381,248,MOTION DETECTED,Background Subtraction (KNN),43,43
2026-07-09 09:59:05.465,249,MOTION DETECTED,Background Subtraction (KNN),44,44
2026-07-09 09:59:05.520,250,MOTION DETECTED,Background Subtraction (KNN),43,43
2026-07-09 09:59:05.570,251,MOTION DETECTED,Background Subtraction (KNN),44,44
2026-07-09 09:59:05.624,252,MOTION DETECTED,Background Subtraction (KNN),42,42
2026-07-09 09:59:05.673,253,MOTION DETECTED,Background Subtraction (KNN),42,42
2026-07-09 09:59:05.728,254,MOTION DETECTED,Background Subtraction (KNN),44,44
2026-07-09 09:59:05.773,255,MOTION DETECTED,Background Subtraction (KNN),43,43
2026-07-09 09:59:05.815,256,MOTION DETECTED,Background Subtraction (KNN),44,44
2026-07-09 09:59:05.859,257,MOTION DETECTED,Background Subtraction (KNN),39,39
2026-07-09 09:59:05.916,258,MOTION DETECTED,Background Subtraction (KNN),35,35
2026-07-09 09:59:05.965,259,MOTION DETECTED,Background Subtraction (KNN),38,38
2026-07-09 09:59:06.007,260,MOTION DETECTED,Background Subtraction (KNN),39,39
2026-07-09 09:59:06.055,261,MOTION DETECTED,Background Subtraction (KNN),34,34
2026-07-09 09:59:06.126,262,MOTION DETECTED,Background Subtraction (KNN),30,30
2026-07-09 09:59:06.175,263,MOTION DETECTED,Background Subtraction (KNN),32,32
2026-07-09 09:59:06.215,264,MOTION DETECTED,Background Subtraction (KNN),27,27
2026-07-09 09:59:06.249,265,MOTION DETECTED,Background Subtraction (KNN),28,28
2026-07-09 09:59:06.310,266,MOTION DETECTED,Background Subtraction (KNN),26,26
2026-07-09 09:59:06.357,267,MOTION DETECTED,Background Subtraction (KNN),26,26
2026-07-09 09:59:06.393,268,MOTION DETECTED,Background Subtraction (KNN),27,27
2026-07-09 09:59:06.428,269,MOTION DETECTED,Background Subtraction (KNN),26,26
2026-07-09 09:59:06.466,270,MOTION DETECTED,Background Subtraction (KNN),26,26
2026-07-09 09:59:06.500,271,MOTION DETECTED,Background Subtraction (KNN),27,27
2026-07-09 09:59:06.531,272,MOTION DETECTED,Background Subtraction (KNN),30,30
2026-07-09 09:59:06.584,273,MOTION DETECTED,Background Subtraction (KNN),32,32
2026-07-09 09:59:06.630,274,MOTION DETECTED,Background Subtraction (KNN),33,33
2026-07-09 09:59:06.666,275,MOTION DETECTED,Background Subtraction (KNN),31,31
2026-07-09 09:59:06.697,276,MOTION DETECTED,Background Subtraction (KNN),34,34
2026-07-09 09:59:06.743,277,MOTION DETECTED,Background Subtraction (KNN),28,28
2026-07-09 09:59:06.783,278,MOTION DETECTED,Background Subtraction (KNN),27,27
2026-07-09 09:59:06.824,279,MOTION DETECTED,Background Subtraction (KNN),25,25
2026-07-09 09:59:06.865,280,MOTION DETECTED,Background Subtraction (KNN),25,25
2026-07-09 09:59:06.903,281,MOTION DETECTED,Background Subtraction (KNN),24,24
2026-07-09 09:59:06.936,282,MOTION DETECTED,Background Subtraction (KNN),24,24
2026-07-09 09:59:06.983,283,MOTION DETECTED,Background Subtraction (KNN),23,23
2026-07-09 09:59:07.027,284,MOTION DETECTED,Background Subtraction (KNN),24,24
2026-07-09 09:59:07.072,285,MOTION DETECTED,Background Subtraction (KNN),27,27
2026-07-09 09:59:07.107,286,MOTION DETECTED,Background Subtraction (KNN),30,30
2026-07-09 09:59:07.150,287,MOTION DETECTED,Background Subtraction (KNN),30,30
2026-07-09 09:59:07.181,288,MOTION DETECTED,Background Subtraction (KNN),31,31
2026-07-09 09:59:07.227,289,MOTION DETECTED,Background Subtraction (KNN),32,32
2026-07-09 09:59:07.274,290,MOTION DETECTED,Background Subtraction (KNN),33,33
2026-07-09 09:59:07.314,291,MOTION DETECTED,Background Subtraction (KNN),26,26
2026-07-09 09:59:07.360,292,MOTION DETECTED,Background Subtraction (KNN),28,28
2026-07-09 09:59:07.391,293,MOTION DETECTED,Background Subtraction (KNN),31,31
2026-07-09 09:59:07.426,294,MOTION DETECTED,Background Subtraction (KNN),29,29
2026-07-09 09:59:07.462,295,MOTION DETECTED,Background Subtraction (KNN),28,28
2026-07-09 09:59:07.496,296,MOTION DETECTED,Background Subtraction (KNN),29,29
2026-07-09 09:59:07.541,297,MOTION DETECTED,Background Subtraction (KNN),29,29
2026-07-09 09:59:07.579,298,MOTION DETECTED,Background Subtraction (KNN),28,28
2026-07-09 09:59:07.612,299,MOTION DETECTED,Background Subtraction (KNN),29,29
2026-07-09 09:59:07.643,300,MOTION DETECTED,Background Subtraction (KNN),29,29
2026-07-09 09:59:07.674,301,MOTION DETECTED,Background Subtraction (KNN),30,30
2026-07-09 09:59:07.714,302,MOTION DETECTED,Background Subtraction (KNN),29,29
2026-07-09 09:59:07.759,303,MOTION DETECTED,Background Subtraction (KNN),29,29
2026-07-09 09:59:07.797,304,MOTION DETECTED,Background Subtraction (KNN),28,28
2026-07-09 09:59:07.829,305,MOTION DETECTED,Background Subtraction (KNN),27,27
2026-07-09 09:59:07.877,306,MOTION DETECTED,Background Subtraction (KNN),27,27
2026-07-09 09:59:07.916,307,MOTION DETECTED,Background Subtraction (KNN),27,27
2026-07-09 09:59:07.963,308,MOTION DETECTED,Background Subtraction (KNN),24,24
2026-07-09 09:59:08.008,309,MOTION DETECTED,Background Subtraction (KNN),27,27
2026-07-09 09:59:08.043,310,MOTION DETECTED,Background Subtraction (KNN),30,30
2026-07-09 09:59:08.081,311,MOTION DETECTED,Background Subtraction (KNN),31,31
2026-07-09 09:59:08.110,312,MOTION DETECTED,Background Subtraction (KNN),34,34
2026-07-09 09:59:08.147,313,MOTION DETECTED,Background Subtraction (KNN),33,33
2026-07-09 09:59:08.198,314,MOTION DETECTED,Background Subtraction (KNN),30,30
2026-07-09 09:59:08.231,315,MOTION DETECTED,Background Subtraction (KNN),35,35
2026-07-09 09:59:08.274,316,MOTION DETECTED,Background Subtraction (KNN),35,35
2026-07-09 09:59:08.310,317,MOTION DETECTED,Background Subtraction (KNN),36,36
2026-07-09 09:59:08.360,318,MOTION DETECTED,Background Subtraction (KNN),32,32
2026-07-09 09:59:08.406,319,MOTION DETECTED,Background Subtraction (KNN),33,33
2026-07-09 09:59:08.447,320,MOTION DETECTED,Background Subtraction (KNN),33,33
2026-07-09 09:59:08.479,321,MOTION DETECTED,Background Subtraction (KNN),37,37
2026-07-09 09:59:08.513,322,MOTION DETECTED,Background Subtraction (KNN),36,36
2026-07-09 09:59:08.564,323,MOTION DETECTED,Background Subtraction (KNN),36,36
2026-07-09 09:59:08.598,324,MOTION DETECTED,Background Subtraction (KNN),33,33
2026-07-09 09:59:08.640,325,MOTION DETECTED,Background Subtraction (KNN),33,33
2026-07-09 09:59:08.678,326,MOTION DETECTED,Background Subtraction (KNN),33,33
2026-07-09 09:59:08.711,327,MOTION DETECTED,Background Subtraction (KNN),38,38
2026-07-09 09:59:08.747,328,MOTION DETECTED,Background Subtraction (KNN),33,33
2026-07-09 09:59:08.775,329,MOTION DETECTED,Background Subtraction (KNN),30,30
2026-07-09 09:59:08.807,330,MOTION DETECTED,Background Subtraction (KNN),29,29
2026-07-09 09:59:08.846,331,MOTION DETECTED,Background Subtraction (KNN),34,34
2026-07-09 09:59:08.878,332,MOTION DETECTED,Background Subtraction (KNN),36,36
2026-07-09 09:59:08.914,333,MOTION DETECTED,Background Subtraction (KNN),35,35
2026-07-09 09:59:08.949,334,MOTION DETECTED,Background Subtraction (KNN),34,34
2026-07-09 09:59:08.993,335,MOTION DETECTED,Background Subtraction (KNN),35,35
2026-07-09 09:59:09.025,336,MOTION DETECTED,Background Subtraction (KNN),33,33
2026-07-09 09:59:09.061,337,MOTION DETECTED,Background Subtraction (KNN),32,32
2026-07-09 09:59:09.091,338,MOTION DETECTED,Background Subtraction (KNN),33,33
2026-07-09 09:59:09.128,339,MOTION DETECTED,Background Subtraction (KNN),34,34
2026-07-09 09:59:09.159,340,MOTION DETECTED,Background Subtraction (KNN),33,33
2026-07-09 09:59:09.197,341,MOTION DETECTED,Background Subtraction (KNN),32,32
2026-07-09 09:59:09.227,342,MOTION DETECTED,Background Subtraction (KNN),36,36
2026-07-09 09:59:09.258,343,MOTION DETECTED,Background Subtraction (KNN),31,31
2026-07-09 09:59:09.293,344,MOTION DETECTED,Background Subtraction (KNN),28,28
2026-07-09 09:59:09.328,345,MOTION DETECTED,Background Subtraction (KNN),28,28
2026-07-09 09:59:09.371,346,MOTION DETECTED,Background Subtraction (KNN),27,27
2026-07-09 09:59:09.407,347,MOTION DETECTED,Background Subtraction (KNN),29,29
2026-07-09 09:59:09.444,348,MOTION DETECTED,Background Subtraction (KNN),28,28
2026-07-09 09:59:09.480,349,MOTION DETECTED,Background Subtraction (KNN),29,29
2026-07-09 09:59:09.513,350,MOTION DETECTED,Background Subtraction (KNN),32,32
2026-07-09 09:59:09.544,351,MOTION DETECTED,Background Subtraction (KNN),32,32
2026-07-09 09:59:09.580,352,MOTION DETECTED,Background Subtraction (KNN),33,33
2026-07-09 09:59:09.611,353,MOTION DETECTED,Background Subtraction (KNN),36,36
2026-07-09 09:59:09.644,354,MOTION DETECTED,Background Subtraction (KNN),30,30
2026-07-09 09:59:09.676,355,MOTION DETECTED,Background Subtraction (KNN),27,27
2026-07-09 09:59:09.711,356,MOTION DETECTED,Background Subtraction (KNN),28,28
2026-07-09 09:59:09.755,357,MOTION DETECTED,Background Subtraction (KNN),26,26
2026-07-09 09:59:09.800,358,MOTION DETECTED,Background Subtraction (KNN),29,29
2026-07-09 09:59:09.839,359,MOTION DETECTED,Background Subtraction (KNN),30,30
2026-07-09 09:59:09.875,360,MOTION DETECTED,Background Subtraction (KNN),29,29
2026-07-09 09:59:09.914,361,MOTION DETECTED,Background Subtraction (KNN),26,26
2026-07-09 09:59:09.942,362,MOTION DETECTED,Background Subtraction (KNN),26,26
2026-07-09 09:59:09.992,363,MOTION DETECTED,Background Subtraction (KNN),27,27
2026-07-09 09:59:10.031,364,MOTION DETECTED,Background Subtraction (KNN),29,29
2026-07-09 09:59:10.080,365,MOTION DETECTED,Background Subtraction (KNN),32,32
2026-07-09 09:59:10.118,366,MOTION DETECTED,Background Subtraction (KNN),32,32
2026-07-09 09:59:10.159,367,MOTION DETECTED,Background Subtraction (KNN),28,28
2026-07-09 09:59:10.201,368,MOTION DETECTED,Background Subtraction (KNN),26,26
2026-07-09 09:59:10.238,369,MOTION DETECTED,Background Subtraction (KNN),25,25
2026-07-09 09:59:10.278,370,MOTION DETECTED,Background Subtraction (KNN),24,24
2026-07-09 09:59:10.324,371,MOTION DETECTED,Background Subtraction (KNN),26,26
2026-07-09 09:59:10.366,372,MOTION DETECTED,Background Subtraction (KNN),27,27
2026-07-09 09:59:10.401,373,MOTION DETECTED,Background Subtraction (KNN),27,27
2026-07-09 09:59:10.435,374,MOTION DETECTED,Background Subtraction (KNN),27,27
2026-07-09 09:59:10.482,375,MOTION DETECTED,Background Subtraction (KNN),27,27
2026-07-09 09:59:10.514,376,MOTION DETECTED,Background Subtraction (KNN),32,32
2026-07-09 09:59:10.552,377,MOTION DETECTED,Background Subtraction (KNN),32,32
2026-07-09 09:59:10.586,378,MOTION DETECTED,Background Subtraction (KNN),34,34
2026-07-09 09:59:10.636,379,MOTION DETECTED,Background Subtraction (KNN),32,32
2026-07-09 09:59:10.668,380,MOTION DETECTED,Background Subtraction (KNN),32,32
2026-07-09 09:59:10.699,381,MOTION DETECTED,Background Subtraction (KNN),32,32
2026-07-09 09:59:10.740,382,MOTION DETECTED,Background Subtraction (KNN),33,33
2026-07-09 09:59:10.775,383,MOTION DETECTED,Background Subtraction (KNN),33,33
2026-07-09 09:59:10.816,384,MOTION DETECTED,Background Subtraction (KNN),32,32
2026-07-09 09:59:10.859,385,MOTION DETECTED,Background Subtraction (KNN),32,32
2026-07-09 09:59:10.896,386,MOTION DETECTED,Background Subtraction (KNN),30,30
2026-07-09 09:59:10.943,387,MOTION DETECTED,Background Subtraction (KNN),30,30
2026-07-09 09:59:10.976,388,MOTION DETECTED,Background Subtraction (KNN),29,29
2026-07-09 09:59:11.009,389,MOTION DETECTED,Background Subtraction (KNN),27,27
2026-07-09 09:59:11.046,390,MOTION DETECTED,Background Subtraction (KNN),26,26
2026-07-09 09:59:11.074,391,MOTION DETECTED,Background Subtraction (KNN),31,31
2026-07-09 09:59:11.109,392,MOTION DETECTED,Background Subtraction (KNN),29,29
2026-07-09 09:59:11.148,393,MOTION DETECTED,Background Subtraction (KNN),28,28
2026-07-09 09:59:11.187,394,MOTION DETECTED,Background Subtraction (KNN),30,30
2026-07-09 09:59:11.229,395,MOTION DETECTED,Background Subtraction (KNN),31,31
2026-07-09 09:59:11.266,396,MOTION DETECTED,Background Subtraction (KNN),33,33
2026-07-09 09:59:11.316,397,MOTION DETECTED,Background Subtraction (KNN),32,32
2026-07-09 09:59:11.363,398,MOTION DETECTED,Background Subtraction (KNN),32,32
2026-07-09 09:59:11.401,399,MOTION DETECTED,Background Subtraction (KNN),30,30
2026-07-09 09:59:11.436,400,MOTION DETECTED,Background Subtraction (KNN),27,27
2026-07-09 09:59:11.487,401,MOTION DETECTED,Background Subtraction (KNN),29,29
2026-07-09 09:59:11.625,402,MOTION DETECTED,Background Subtraction (KNN),28,28
2026-07-09 09:59:11.656,403,MOTION DETECTED,Background Subtraction (KNN),30,30
2026-07-09 09:59:11.691,404,MOTION DETECTED,Background Subtraction (KNN),30,30
2026-07-09 09:59:11.732,405,MOTION DETECTED,Background Subtraction (KNN),29,29
2026-07-09 09:59:11.766,406,MOTION DETECTED,Background Subtraction (KNN),28,28
2026-07-09 09:59:11.800,407,MOTION DETECTED,Background Subtraction (KNN),27,27
2026-07-09 09:59:11.832,408,MOTION DETECTED,Background Subtraction (KNN),26,26
2026-07-09 09:59:11.876,409,MOTION DETECTED,Background Subtraction (KNN),26,26
2026-07-09 09:59:11.927,410,MOTION DETECTED,Background Subtraction (KNN),27,27
2026-07-09 09:59:11.961,411,MOTION DETECTED,Background Subtraction (KNN),27,27
2026-07-09 09:59:12.010,412,MOTION DETECTED,Background Subtraction (KNN),25,25
2026-07-09 09:59:12.049,413,MOTION DETECTED,Background Subtraction (KNN),24,24
2026-07-09 09:59:12.213,414,MOTION DETECTED,Background Subtraction (KNN),23,23
2026-07-09 09:59:12.253,415,MOTION DETECTED,Background Subtraction (KNN),24,24
2026-07-09 09:59:12.291,416,MOTION DETECTED,Background Subtraction (KNN),21,21
2026-07-09 09:59:12.327,417,MOTION DETECTED,Background Subtraction (KNN),18,18
2026-07-09 09:59:12.383,418,MOTION DETECTED,Background Subtraction (KNN),22,22
2026-07-09 09:59:12.421,419,MOTION DETECTED,Background Subtraction (KNN),21,21
2026-07-09 09:59:12.454,420,MOTION DETECTED,Background Subtraction (KNN),20,20
2026-07-09 09:59:12.489,421,MOTION DETECTED,Background Subtraction (KNN),21,21
2026-07-09 09:59:12.543,422,MOTION DETECTED,Background Subtraction (KNN),22,22
2026-07-09 09:59:12.580,423,MOTION DETECTED,Background Subtraction (KNN),22,22
2026-07-09 09:59:12.614,424,MOTION DETECTED,Background Subtraction (KNN),23,23
2026-07-09 09:59:12.657,425,MOTION DETECTED,Background Subtraction (KNN),24,24
2026-07-09 09:59:12.704,426,MOTION DETECTED,Background Subtraction (KNN),18,18
2026-07-09 09:59:12.741,427,MOTION DETECTED,Background Subtraction (KNN),20,20
2026-07-09 09:59:12.777,428,MOTION DETECTED,Background Subtraction (KNN),18,18
2026-07-09 09:59:12.827,429,MOTION DETECTED,Background Subtraction (KNN),17,17
2026-07-09 09:59:12.863,430,MOTION DETECTED,Background Subtraction (KNN),15,15
2026-07-09 09:59:12.894,431,MOTION DETECTED,Background Subtraction (KNN),20,20
2026-07-09 09:59:12.929,432,MOTION DETECTED,Background Subtraction (KNN),21,21
2026-07-09 09:59:12.967,433,MOTION DETECTED,Background Subtraction (KNN),22,22
2026-07-09 09:59:12.998,434,MOTION DETECTED,Background Subtraction (KNN),23,23
2026-07-09 09:59:13.030,435,MOTION DETECTED,Background Subtraction (KNN),23,23
2026-07-09 09:59:13.061,436,MOTION DETECTED,Background Subtraction (KNN),23,23
2026-07-09 09:59:13.094,437,MOTION DETECTED,Background Subtraction (KNN),25,25
2026-07-09 09:59:13.128,438,MOTION DETECTED,Background Subtraction (KNN),25,25
2026-07-09 09:59:13.160,439,MOTION DETECTED,Background Subtraction (KNN),24,24
2026-07-09 09:59:13.195,440,MOTION DETECTED,Background Subtraction (KNN),23,23
2026-07-09 09:59:13.227,441,MOTION DETECTED,Background Subtraction (KNN),22,22
2026-07-09 09:59:13.275,442,MOTION DETECTED,Background Subtraction (KNN),21,21
2026-07-09 09:59:13.295,443,MOTION DETECTED,Background Subtraction (KNN),25,25
2026-07-09 09:59:13.340,444,MOTION DETECTED,Background Subtraction (KNN),20,20
2026-07-09 09:59:13.373,445,MOTION DETECTED,Background Subtraction (KNN),21,21
2026-07-09 09:59:13.392,446,MOTION DETECTED,Background Subtraction (KNN),19,19
2026-07-09 09:59:13.435,447,MOTION DETECTED,Background Subtraction (KNN),20,20
2026-07-09 09:59:13.482,448,MOTION DETECTED,Background Subtraction (KNN),19,19
2026-07-09 09:59:13.514,449,MOTION DETECTED,Background Subtraction (KNN),18,18
2026-07-09 09:59:13.543,450,MOTION DETECTED,Background Subtraction (KNN),18,18
2026-07-09 09:59:13.570,451,MOTION DETECTED,Background Subtraction (KNN),20,20
2026-07-09 09:59:13.601,452,MOTION DETECTED,Background Subtraction (KNN),20,20
2026-07-09 09:59:13.644,453,MOTION DETECTED,Background Subtraction (KNN),19,19
2026-07-09 09:59:13.678,454,MOTION DETECTED,Background Subtraction (KNN),21,21
2026-07-09 09:59:13.710,455,MOTION DETECTED,Background Subtraction (KNN),23,23
2026-07-09 09:59:13.743,456,MOTION DETECTED,Background Subtraction (KNN),22,22
2026-07-09 09:59:13.777,457,MOTION DETECTED,Background Subtraction (KNN),19,19
2026-07-09 09:59:13.812,458,MOTION DETECTED,Background Subtraction (KNN),21,21
2026-07-09 09:59:13.844,459,MOTION DETECTED,Background Subtraction (KNN),20,20
2026-07-09 09:59:13.875,460,MOTION DETECTED,Background Subtraction (KNN),19,19
2026-07-09 09:59:13.906,461,MOTION DETECTED,Background Subtraction (KNN),16,16
2026-07-09 09:59:13.935,462,MOTION DETECTED,Background Subtraction (KNN),14,14
2026-07-09 09:59:13.981,463,MOTION DETECTED,Background Subtraction (KNN),16,16
2026-07-09 09:59:14.009,464,MOTION DETECTED,Background Subtraction (KNN),16,16
2026-07-09 09:59:14.048,465,MOTION DETECTED,Background Subtraction (KNN),16,16
2026-07-09 09:59:14.078,466,MOTION DETECTED,Background Subtraction (KNN),15,15
2026-07-09 09:59:14.123,467,MOTION DETECTED,Background Subtraction (KNN),14,14
2026-07-09 09:59:14.156,468,MOTION DETECTED,Background Subtraction (KNN),14,14
2026-07-09 09:59:14.184,469,MOTION DETECTED,Background Subtraction (KNN),14,14
2026-07-09 09:59:14.228,470,MOTION DETECTED,Background Subtraction (KNN),13,13
2026-07-09 09:59:14.257,471,MOTION DETECTED,Background Subtraction (KNN),14,14
2026-07-09 09:59:14.293,472,MOTION DETECTED,Background Subtraction (KNN),16,16
2026-07-09 09:59:14.332,473,MOTION DETECTED,Background Subtraction (KNN),16,16
2026-07-09 09:59:14.365,474,MOTION DETECTED,Background Subtraction (KNN),15,15
2026-07-09 09:59:14.395,475,MOTION DETECTED,Background Subtraction (KNN),19,19
2026-07-09 09:59:14.426,476,MOTION DETECTED,Background Subtraction (KNN),22,22
2026-07-09 09:59:14.458,477,MOTION DETECTED,Background Subtraction (KNN),22,22
2026-07-09 09:59:14.492,478,MOTION DETECTED,Background Subtraction (KNN),23,23
2026-07-09 09:59:14.530,479,MOTION DETECTED,Background Subtraction (KNN),25,25
2026-07-09 09:59:14.560,480,MOTION DETECTED,Background Subtraction (KNN),23,23
2026-07-09 09:59:14.597,481,MOTION DETECTED,Background Subtraction (KNN),25,25
2026-07-09 09:59:14.629,482,MOTION DETECTED,Background Subtraction (KNN),27,27
2026-07-09 09:59:14.659,483,MOTION DETECTED,Background Subtraction (KNN),25,25
2026-07-09 09:59:14.692,484,MOTION DETECTED,Background Subtraction (KNN),27,27
2026-07-09 09:59:14.726,485,MOTION DETECTED,Background Subtraction (KNN),24,24
2026-07-09 09:59:14.764,486,MOTION DETECTED,Background Subtraction (KNN),22,22
2026-07-09 09:59:14.798,487,MOTION DETECTED,Background Subtraction (KNN),21,21
2026-07-09 09:59:14.831,488,MOTION DETECTED,Background Subtraction (KNN),17,17
2026-07-09 09:59:14.859,489,MOTION DETECTED,Background Subtraction (KNN),19,19
2026-07-09 09:59:14.893,490,MOTION DETECTED,Background Subtraction (KNN),18,18
2026-07-09 09:59:14.927,491,MOTION DETECTED,Background Subtraction (KNN),23,23
2026-07-09 09:59:14.959,492,MOTION DETECTED,Background Subtraction (KNN),20,20
2026-07-09 09:59:14.994,493,MOTION DETECTED,Background Subtraction (KNN),20,20
2026-07-09 09:59:15.030,494,MOTION DETECTED,Background Subtraction (KNN),21,21
2026-07-09 09:59:15.058,495,MOTION DETECTED,Background Subtraction (KNN),20,20
2026-07-09 09:59:15.108,496,MOTION DETECTED,Background Subtraction (KNN),19,19
2026-07-09 09:59:15.154,497,MOTION DETECTED,Background Subtraction (KNN),19,19
2026-07-09 09:59:15.193,498,MOTION DETECTED,Background Subtraction (KNN),21,21
2026-07-09 09:59:15.253,499,MOTION DETECTED,Background Subtraction (KNN),23,23
2026-07-09 09:59:15.293,500,MOTION DETECTED,Background Subtraction (KNN),25,25
2026-07-09 09:59:15.341,501,MOTION DETECTED,Background Subtraction (KNN),25,25
2026-07-09 09:59:15.384,502,MOTION DETECTED,Background Subtraction (KNN),24,24
2026-07-09 09:59:15.430,503,MOTION DETECTED,Background Subtraction (KNN),24,24
2026-07-09 09:59:15.487,504,MOTION DETECTED,Background Subtraction (KNN),22,22
2026-07-09 09:59:15.537,505,MOTION DETECTED,Background Subtraction (KNN),24,24
2026-07-09 09:59:15.581,506,MOTION DETECTED,Background Subtraction (KNN),24,24
2026-07-09 09:59:15.620,507,MOTION DETECTED,Background Subtraction (KNN),25,25
2026-07-09 09:59:15.665,508,MOTION DETECTED,Background Subtraction (KNN),22,22
2026-07-09 09:59:15.705,509,MOTION DETECTED,Background Subtraction (KNN),24,24
2026-07-09 09:59:15.754,510,MOTION DETECTED,Background Subtraction (KNN),25,25
2026-07-09 09:59:15.791,511,MOTION DETECTED,Background Subtraction (KNN),23,23
2026-07-09 09:59:15.830,512,MOTION DETECTED,Background Subtraction (KNN),22,22
2026-07-09 09:59:15.888,513,MOTION DETECTED,Background Subtraction (KNN),24,24
2026-07-09 09:59:15.935,514,MOTION DETECTED,Background Subtraction (KNN),23,23
2026-07-09 09:59:15.977,515,MOTION DETECTED,Background Subtraction (KNN),25,25
2026-07-09 09:59:16.009,516,MOTION DETECTED,Background Subtraction (KNN),27,27
2026-07-09 09:59:16.059,517,MOTION DETECTED,Background Subtraction (KNN),27,27
2026-07-09 09:59:16.106,518,MOTION DETECTED,Background Subtraction (KNN),23,23
2026-07-09 09:59:16.149,519,MOTION DETECTED,Background Subtraction (KNN),21,21
2026-07-09 09:59:16.197,520,MOTION DETECTED,Background Subtraction (KNN),24,24
2026-07-09 09:59:16.239,521,MOTION DETECTED,Background Subtraction (KNN),29,29
2026-07-09 09:59:16.282,522,MOTION DETECTED,Background Subtraction (KNN),27,27
2026-07-09 09:59:16.322,523,MOTION DETECTED,Background Subtraction (KNN),26,26
2026-07-09 09:59:16.372,524,MOTION DETECTED,Background Subtraction (KNN),28,28
2026-07-09 09:59:16.419,525,MOTION DETECTED,Background Subtraction (KNN),27,27
2026-07-09 09:59:16.463,526,MOTION DETECTED,Background Subtraction (KNN),29,29
2026-07-09 09:59:16.506,527,MOTION DETECTED,Background Subtraction (KNN),33,33
2026-07-09 09:59:16.545,528,MOTION DETECTED,Background Subtraction (KNN),34,34
2026-07-09 09:59:16.589,529,MOTION DETECTED,Background Subtraction (KNN),32,32
2026-07-09 09:59:16.632,530,MOTION DETECTED,Background Subtraction (KNN),29,29
2026-07-09 09:59:16.679,531,MOTION DETECTED,Background Subtraction (KNN),30,30
2026-07-09 09:59:16.722,532,MOTION DETECTED,Background Subtraction (KNN),31,31
2026-07-09 09:59:16.764,533,MOTION DETECTED,Background Subtraction (KNN),26,26
2026-07-09 09:59:16.813,534,MOTION DETECTED,Background Subtraction (KNN),28,28
2026-07-09 09:59:16.865,535,MOTION DETECTED,Background Subtraction (KNN),29,29
2026-07-09 09:59:16.906,536,MOTION DETECTED,Background Subtraction (KNN),29,29
2026-07-09 09:59:16.953,537,MOTION DETECTED,Background Subtraction (KNN),28,28
2026-07-09 09:59:16.998,538,MOTION DETECTED,Background Subtraction (KNN),26,26
2026-07-09 09:59:17.038,539,MOTION DETECTED,Background Subtraction (KNN),31,31
2026-07-09 09:59:17.085,540,MOTION DETECTED,Background Subtraction (KNN),32,32
2026-07-09 09:59:17.126,541,MOTION DETECTED,Background Subtraction (KNN),31,31
2026-07-09 09:59:17.173,542,MOTION DETECTED,Background Subtraction (KNN),34,34
2026-07-09 09:59:17.207,543,MOTION DETECTED,Background Subtraction (KNN),31,31
2026-07-09 09:59:17.252,544,MOTION DETECTED,Background Subtraction (KNN),35,35
2026-07-09 09:59:17.296,545,MOTION DETECTED,Background Subtraction (KNN),35,35
2026-07-09 09:59:17.352,546,MOTION DETECTED,Background Subtraction (KNN),31,31
2026-07-09 09:59:17.393,547,MOTION DETECTED,Background Subtraction (KNN),28,28
2026-07-09 09:59:17.441,548,MOTION DETECTED,Background Subtraction (KNN),28,28
2026-07-09 09:59:17.488,549,MOTION DETECTED,Background Subtraction (KNN),27,27
2026-07-09 09:59:17.534,550,MOTION DETECTED,Background Subtraction (KNN),28,28
2026-07-09 09:59:17.582,551,MOTION DETECTED,Background Subtraction (KNN),30,30
2026-07-09 09:59:17.625,552,MOTION DETECTED,Background Subtraction (KNN),31,31
2026-07-09 09:59:17.663,553,MOTION DETECTED,Background Subtraction (KNN),30,30
2026-07-09 09:59:17.707,554,MOTION DETECTED,Background Subtraction (KNN),29,29
2026-07-09 09:59:17.754,555,MOTION DETECTED,Background Subtraction (KNN),27,27
2026-07-09 09:59:17.793,556,MOTION DETECTED,Background Subtraction (KNN),25,25
2026-07-09 09:59:17.831,557,MOTION DETECTED,Background Subtraction (KNN),24,24
2026-07-09 09:59:17.863,558,MOTION DETECTED,Background Subtraction (KNN),24,24
2026-07-09 09:59:17.893,559,MOTION DETECTED,Background Subtraction (KNN),22,22
2026-07-09 09:59:17.926,560,MOTION DETECTED,Background Subtraction (KNN),21,21
2026-07-09 09:59:17.970,561,MOTION DETECTED,Background Subtraction (KNN),24,24
2026-07-09 09:59:18.038,562,MOTION DETECTED,Background Subtraction (KNN),22,22
2026-07-09 09:59:18.092,563,MOTION DETECTED,Background Subtraction (KNN),25,25
2026-07-09 09:59:18.132,564,MOTION DETECTED,Background Subtraction (KNN),26,26
2026-07-09 09:59:18.169,565,MOTION DETECTED,Background Subtraction (KNN),26,26
2026-07-09 09:59:18.209,566,MOTION DETECTED,Background Subtraction (KNN),26,26
2026-07-09 09:59:18.258,567,MOTION DETECTED,Background Subtraction (KNN),25,25
2026-07-09 09:59:18.302,568,MOTION DETECTED,Background Subtraction (KNN),26,26
2026-07-09 09:59:18.349,569,MOTION DETECTED,Background Subtraction (KNN),28,28
2026-07-09 09:59:18.392,570,MOTION DETECTED,Background Subtraction (KNN),25,25
2026-07-09 09:59:18.425,571,MOTION DETECTED,Background Subtraction (KNN),26,26
2026-07-09 09:59:18.468,572,MOTION DETECTED,Background Subtraction (KNN),25,25
2026-07-09 09:59:18.510,573,MOTION DETECTED,Background Subtraction (KNN),26,26
2026-07-09 09:59:18.575,574,MOTION DETECTED,Background Subtraction (KNN),25,25
2026-07-09 09:59:18.619,575,MOTION DETECTED,Background Subtraction (KNN),25,25
2026-07-09 09:59:18.669,576,MOTION DETECTED,Background Subtraction (KNN),24,24
2026-07-09 09:59:18.718,577,MOTION DETECTED,Background Subtraction (KNN),21,21
2026-07-09 09:59:18.791,578,MOTION DETECTED,Background Subtraction (KNN),24,24
2026-07-09 09:59:18.835,579,MOTION DETECTED,Background Subtraction (KNN),24,24
2026-07-09 09:59:18.884,580,MOTION DETECTED,Background Subtraction (KNN),24,24
2026-07-09 09:59:18.922,581,MOTION DETECTED,Background Subtraction (KNN),27,27
2026-07-09 09:59:18.959,582,MOTION DETECTED,Background Subtraction (KNN),27,27
2026-07-09 09:59:18.994,583,MOTION DETECTED,Background Subtraction (KNN),29,29
2026-07-09 09:59:19.032,584,MOTION DETECTED,Background Subtraction (KNN),27,27
2026-07-09 09:59:19.063,585,MOTION DETECTED,Background Subtraction (KNN),29,29
2026-07-09 09:59:19.104,586,MOTION DETECTED,Background Subtraction (KNN),29,29
2026-07-09 09:59:19.144,587,MOTION DETECTED,Background Subtraction (KNN),26,26
2026-07-09 09:59:19.179,588,MOTION DETECTED,Background Subtraction (KNN),26,26
2026-07-09 09:59:19.236,589,MOTION DETECTED,Background Subtraction (KNN),27,27
2026-07-09 09:59:19.284,590,MOTION DETECTED,Background Subtraction (KNN),25,25
2026-07-09 09:59:19.341,591,MOTION DETECTED,Background Subtraction (KNN),25,25
2026-07-09 09:59:19.393,592,MOTION DETECTED,Background Subtraction (KNN),26,26
2026-07-09 09:59:19.430,593,MOTION DETECTED,Background Subtraction (KNN),29,29
2026-07-09 09:59:19.473,594,MOTION DETECTED,Background Subtraction (KNN),31,31
2026-07-09 09:59:19.512,595,MOTION DETECTED,Background Subtraction (KNN),29,29
2026-07-09 09:59:19.541,596,MOTION DETECTED,Background Subtraction (KNN),29,29
2026-07-09 09:59:19.582,597,MOTION DETECTED,Background Subtraction (KNN),28,28
2026-07-09 09:59:19.615,598,MOTION DETECTED,Background Subtraction (KNN),29,29
2026-07-09 09:59:19.651,599,MOTION DETECTED,Background Subtraction (KNN),28,28
2026-07-09 09:59:19.680,600,MOTION DETECTED,Background Subtraction (KNN),28,28
2026-07-09 09:59:19.710,601,MOTION DETECTED,Background Subtraction (KNN),27,27
2026-07-09 09:59:19.750,602,MOTION DETECTED,Background Subtraction (KNN),32,32
2026-07-09 09:59:19.785,603,MOTION DETECTED,Background Subtraction (KNN),27,27
2026-07-09 09:59:19.819,604,MOTION DETECTED,Background Subtraction (KNN),24,24
2026-07-09 09:59:19.863,605,MOTION DETECTED,Background Subtraction (KNN),28,28
2026-07-09 09:59:19.900,606,MOTION DETECTED,Background Subtraction (KNN),25,25
2026-07-09 09:59:19.930,607,MOTION DETECTED,Background Subtraction (KNN),26,26
2026-07-09 09:59:19.965,608,MOTION DETECTED,Background Subtraction (KNN),26,26
2026-07-09 09:59:19.998,609,MOTION DETECTED,Background Subtraction (KNN),28,28
2026-07-09 09:59:20.034,610,MOTION DETECTED,Background Subtraction (KNN),31,31
2026-07-09 09:59:20.084,611,MOTION DETECTED,Background Subtraction (KNN),31,31
2026-07-09 09:59:20.132,612,MOTION DETECTED,Background Subtraction (KNN),27,27
2026-07-09 09:59:20.166,613,MOTION DETECTED,Background Subtraction (KNN),27,27
2026-07-09 09:59:20.208,614,MOTION DETECTED,Background Subtraction (KNN),30,30
2026-07-09 09:59:20.248,615,MOTION DETECTED,Background Subtraction (KNN),30,30
2026-07-09 09:59:20.288,616,MOTION DETECTED,Background Subtraction (KNN),27,27
2026-07-09 09:59:20.331,617,MOTION DETECTED,Background Subtraction (KNN),25,25
2026-07-09 09:59:20.378,618,MOTION DETECTED,Background Subtraction (KNN),29,29
2026-07-09 09:59:20.407,619,MOTION DETECTED,Background Subtraction (KNN),28,28
2026-07-09 09:59:20.457,620,MOTION DETECTED,Background Subtraction (KNN),32,32
2026-07-09 09:59:20.494,621,MOTION DETECTED,Background Subtraction (KNN),26,26
2026-07-09 09:59:20.525,622,MOTION DETECTED,Background Subtraction (KNN),24,24
2026-07-09 09:59:20.561,623,MOTION DETECTED,Background Subtraction (KNN),27,27
2026-07-09 09:59:20.596,624,MOTION DETECTED,Background Subtraction (KNN),25,25
2026-07-09 09:59:20.628,625,MOTION DETECTED,Background Subtraction (KNN),26,26
2026-07-09 09:59:20.664,626,MOTION DETECTED,Background Subtraction (KNN),24,24
2026-07-09 09:59:20.698,627,MOTION DETECTED,Background Subtraction (KNN),23,23
2026-07-09 09:59:20.730,628,MOTION DETECTED,Background Subtraction (KNN),18,18
2026-07-09 09:59:20.764,629,MOTION DETECTED,Background Subtraction (KNN),24,24
2026-07-09 09:59:20.800,630,MOTION DETECTED,Background Subtraction (KNN),19,19
2026-07-09 09:59:20.835,631,MOTION DETECTED,Background Subtraction (KNN),21,21
2026-07-09 09:59:20.876,632,MOTION DETECTED,Background Subtraction (KNN),22,22
2026-07-09 09:59:20.920,633,MOTION DETECTED,Background Subtraction (KNN),20,20
2026-07-09 09:59:20.958,634,MOTION DETECTED,Background Subtraction (KNN),19,19
2026-07-09 09:59:20.993,635,MOTION DETECTED,Background Subtraction (KNN),18,18
2026-07-09 09:59:21.023,636,MOTION DETECTED,Background Subtraction (KNN),17,17
2026-07-09 09:59:21.058,637,MOTION DETECTED,Background Subtraction (KNN),20,20
2026-07-09 09:59:21.107,638,MOTION DETECTED,Background Subtraction (KNN),22,22
2026-07-09 09:59:21.144,639,MOTION DETECTED,Background Subtraction (KNN),22,22
2026-07-09 09:59:21.178,640,MOTION DETECTED,Background Subtraction (KNN),22,22
2026-07-09 09:59:21.212,641,MOTION DETECTED,Background Subtraction (KNN),22,22
2026-07-09 09:59:21.250,642,MOTION DETECTED,Background Subtraction (KNN),22,22
2026-07-09 09:59:21.294,643,MOTION DETECTED,Background Subtraction (KNN),26,26
2026-07-09 09:59:21.327,644,MOTION DETECTED,Background Subtraction (KNN),24,24
2026-07-09 09:59:21.362,645,MOTION DETECTED,Background Subtraction (KNN),23,23
2026-07-09 09:59:21.427,646,MOTION DETECTED,Background Subtraction (KNN),25,25
2026-07-09 09:59:21.460,647,MOTION DETECTED,Background Subtraction (KNN),30,30
2026-07-09 09:59:21.512,648,MOTION DETECTED,Background Subtraction (KNN),24,24
2026-07-09 09:59:21.544,649,MOTION DETECTED,Background Subtraction (KNN),24,24
2026-07-09 09:59:21.582,650,MOTION DETECTED,Background Subtraction (KNN),24,24
2026-07-09 09:59:21.616,651,MOTION DETECTED,Background Subtraction (KNN),22,22
2026-07-09 09:59:21.644,652,MOTION DETECTED,Background Subtraction (KNN),21,21
2026-07-09 09:59:21.676,653,MOTION DETECTED,Background Subtraction (KNN),22,22
2026-07-09 09:59:21.715,654,MOTION DETECTED,Background Subtraction (KNN),23,23
2026-07-09 09:59:21.748,655,MOTION DETECTED,Background Subtraction (KNN),22,22
2026-07-09 09:59:21.783,656,MOTION DETECTED,Background Subtraction (KNN),24,24
2026-07-09 09:59:21.828,657,MOTION DETECTED,Background Subtraction (KNN),22,22
2026-07-09 09:59:21.892,658,MOTION DETECTED,Background Subtraction (KNN),23,23
2026-07-09 09:59:21.928,659,MOTION DETECTED,Background Subtraction (KNN),23,23
2026-07-09 09:59:21.961,660,MOTION DETECTED,Background Subtraction (KNN),22,22
2026-07-09 09:59:21.992,661,MOTION DETECTED,Background Subtraction (KNN),24,24
2026-07-09 09:59:22.033,662,MOTION DETECTED,Background Subtraction (KNN),27,27
2026-07-09 09:59:22.074,663,MOTION DETECTED,Background Subtraction (KNN),27,27
2026-07-09 09:59:22.109,664,MOTION DETECTED,Background Subtraction (KNN),27,27
2026-07-09 09:59:22.149,665,MOTION DETECTED,Background Subtraction (KNN),29,29
2026-07-09 09:59:22.178,666,MOTION DETECTED,Background Subtraction (KNN),30,30
2026-07-09 09:59:22.209,667,MOTION DETECTED,Background Subtraction (KNN),26,26
2026-07-09 09:59:22.247,668,MOTION DETECTED,Background Subtraction (KNN),28,28
2026-07-09 09:59:22.286,669,MOTION DETECTED,Background Subtraction (KNN),29,29
2026-07-09 09:59:22.324,670,MOTION DETECTED,Background Subtraction (KNN),31,31
2026-07-09 09:59:22.367,671,MOTION DETECTED,Background Subtraction (KNN),30,30
2026-07-09 09:59:22.415,672,MOTION DETECTED,Background Subtraction (KNN),27,27
2026-07-09 09:59:22.460,673,MOTION DETECTED,Background Subtraction (KNN),28,28
2026-07-09 09:59:22.504,674,MOTION DETECTED,Background Subtraction (KNN),26,26
2026-07-09 09:59:22.544,675,MOTION DETECTED,Background Subtraction (KNN),25,25
2026-07-09 09:59:22.574,676,MOTION DETECTED,Background Subtraction (KNN),26,26
2026-07-09 09:59:22.625,677,MOTION DETECTED,Background Subtraction (KNN),28,28
2026-07-09 09:59:22.670,678,MOTION DETECTED,Background Subtraction (KNN),27,27
2026-07-09 09:59:22.707,679,MOTION DETECTED,Background Subtraction (KNN),27,27
2026-07-09 09:59:22.755,680,MOTION DETECTED,Background Subtraction (KNN),28,28
2026-07-09 09:59:22.790,681,MOTION DETECTED,Background Subtraction (KNN),26,26
2026-07-09 09:59:22.826,682,MOTION DETECTED,Background Subtraction (KNN),27,27
2026-07-09 09:59:22.875,683,MOTION DETECTED,Background Subtraction (KNN),25,25
2026-07-09 09:59:22.922,684,MOTION DETECTED,Background Subtraction (KNN),24,24
2026-07-09 09:59:22.961,685,MOTION DETECTED,Background Subtraction (KNN),27,27
2026-07-09 09:59:23.010,686,MOTION DETECTED,Background Subtraction (KNN),28,28
2026-07-09 09:59:23.055,687,MOTION DETECTED,Background Subtraction (KNN),28,28
2026-07-09 09:59:23.103,688,MOTION DETECTED,Background Subtraction (KNN),32,32
2026-07-09 09:59:23.152,689,MOTION DETECTED,Background Subtraction (KNN),30,30
2026-07-09 09:59:23.194,690,MOTION DETECTED,Background Subtraction (KNN),30,30
2026-07-09 09:59:23.242,691,MOTION DETECTED,Background Subtraction (KNN),28,28
2026-07-09 09:59:23.280,692,MOTION DETECTED,Background Subtraction (KNN),28,28
2026-07-09 09:59:23.335,693,MOTION DETECTED,Background Subtraction (KNN),26,26
2026-07-09 09:59:23.377,694,MOTION DETECTED,Background Subtraction (KNN),24,24
2026-07-09 09:59:23.405,695,MOTION DETECTED,Background Subtraction (KNN),23,23
2026-07-09 09:59:23.442,696,MOTION DETECTED,Background Subtraction (KNN),22,22
2026-07-09 09:59:23.489,697,MOTION DETECTED,Background Subtraction (KNN),19,19
2026-07-09 09:59:23.538,698,MOTION DETECTED,Background Subtraction (KNN),18,18
2026-07-09 09:59:23.585,699,MOTION DETECTED,Background Subtraction (KNN),17,17
2026-07-09 09:59:23.632,700,MOTION DETECTED,Background Subtraction (KNN),20,20
2026-07-09 09:59:23.673,701,MOTION DETECTED,Background Subtraction (KNN),21,21
2026-07-09 09:59:23.715,702,MOTION DETECTED,Background Subtraction (KNN),21,21
2026-07-09 09:59:23.747,703,MOTION DETECTED,Background Subtraction (KNN),22,22
2026-07-09 09:59:23.793,704,MOTION DETECTED,Background Subtraction (KNN),20,20
2026-07-09 09:59:23.830,705,MOTION DETECTED,Background Subtraction (KNN),21,21
2026-07-09 09:59:23.859,706,MOTION DETECTED,Background Subtraction (KNN),21,21
2026-07-09 09:59:23.895,707,MOTION DETECTED,Background Subtraction (KNN),22,22
2026-07-09 09:59:23.926,708,MOTION DETECTED,Background Subtraction (KNN),21,21
2026-07-09 09:59:23.963,709,MOTION DETECTED,Background Subtraction (KNN),20,20
2026-07-09 09:59:23.995,710,MOTION DETECTED,Background Subtraction (KNN),22,22
2026-07-09 09:59:24.025,711,MOTION DETECTED,Background Subtraction (KNN),20,20
2026-07-09 09:59:24.061,712,MOTION DETECTED,Background Subtraction (KNN),20,20
2026-07-09 09:59:24.102,713,MOTION DETECTED,Background Subtraction (KNN),23,23
2026-07-09 09:59:24.157,714,MOTION DETECTED,Background Subtraction (KNN),22,22
2026-07-09 09:59:24.204,715,MOTION DETECTED,Background Subtraction (KNN),21,21
2026-07-09 09:59:24.252,716,MOTION DETECTED,Background Subtraction (KNN),22,22
2026-07-09 09:59:24.292,717,MOTION DETECTED,Background Subtraction (KNN),23,23
2026-07-09 09:59:24.344,718,MOTION DETECTED,Background Subtraction (KNN),24,24
2026-07-09 09:59:24.385,719,MOTION DETECTED,Background Subtraction (KNN),22,22
2026-07-09 09:59:24.425,720,MOTION DETECTED,Background Subtraction (KNN),21,21
2026-07-09 09:59:24.457,721,MOTION DETECTED,Background Subtraction (KNN),20,20
2026-07-09 09:59:24.503,722,MOTION DETECTED,Background Subtraction (KNN),19,19
2026-07-09 09:59:24.542,723,MOTION DETECTED,Background Subtraction (KNN),19,19
2026-07-09 09:59:24.586,724,MOTION DETECTED,Background Subtraction (KNN),21,21
2026-07-09 09:59:24.625,725,MOTION DETECTED,Background Subtraction (KNN),21,21
2026-07-09 09:59:24.703,726,MOTION DETECTED,Background Subtraction (KNN),22,22
2026-07-09 09:59:24.755,727,MOTION DETECTED,Background Subtraction (KNN),22,22
2026-07-09 09:59:24.790,728,MOTION DETECTED,Background Subtraction (KNN),21,21
2026-07-09 09:59:24.834,729,MOTION DETECTED,Background Subtraction (KNN),22,22
2026-07-09 09:59:24.860,730,MOTION DETECTED,Background Subtraction (KNN),20,20
2026-07-09 09:59:24.894,731,MOTION DETECTED,Background Subtraction (KNN),23,23
2026-07-09 09:59:24.936,732,MOTION DETECTED,Background Subtraction (KNN),22,22
2026-07-09 09:59:24.985,733,MOTION DETECTED,Background Subtraction (KNN),20,20
2026-07-09 09:59:25.035,734,MOTION DETECTED,Background Subtraction (KNN),22,22
2026-07-09 09:59:25.075,735,MOTION DETECTED,Background Subtraction (KNN),28,28
2026-07-09 09:59:25.128,736,MOTION DETECTED,Background Subtraction (KNN),27,27
2026-07-09 09:59:25.169,737,MOTION DETECTED,Background Subtraction (KNN),31,31
2026-07-09 09:59:25.218,738,MOTION DETECTED,Background Subtraction (KNN),34,34
2026-07-09 09:59:25.268,739,MOTION DETECTED,Background Subtraction (KNN),36,36
2026-07-09 09:59:25.311,740,MOTION DETECTED,Background Subtraction (KNN),34,34
2026-07-09 09:59:25.353,741,MOTION DETECTED,Background Subtraction (KNN),30,30
2026-07-09 09:59:25.392,742,MOTION DETECTED,Background Subtraction (KNN),30,30
2026-07-09 09:59:25.429,743,MOTION DETECTED,Background Subtraction (KNN),29,29
2026-07-09 09:59:25.475,744,MOTION DETECTED,Background Subtraction (KNN),26,26
2026-07-09 09:59:25.514,745,MOTION DETECTED,Background Subtraction (KNN),32,32
2026-07-09 09:59:25.563,746,MOTION DETECTED,Background Subtraction (KNN),31,31
2026-07-09 09:59:25.617,747,MOTION DETECTED,Background Subtraction (KNN),30,30
2026-07-09 09:59:25.657,748,MOTION DETECTED,Background Subtraction (KNN),29,29
2026-07-09 09:59:25.698,749,MOTION DETECTED,Background Subtraction (KNN),28,28
2026-07-09 09:59:25.742,750,MOTION DETECTED,Background Subtraction (KNN),29,29
2026-07-09 09:59:25.776,751,MOTION DETECTED,Background Subtraction (KNN),29,29
2026-07-09 09:59:25.819,752,MOTION DETECTED,Background Subtraction (KNN),29,29
2026-07-09 09:59:25.858,753,MOTION DETECTED,Background Subtraction (KNN),31,31
2026-07-09 09:59:25.904,754,MOTION DETECTED,Background Subtraction (KNN),26,26
2026-07-09 09:59:25.945,755,MOTION DETECTED,Background Subtraction (KNN),28,28
2026-07-09 09:59:25.990,756,MOTION DETECTED,Background Subtraction (KNN),28,28
2026-07-09 09:59:26.038,757,MOTION DETECTED,Background Subtraction (KNN),30,30
2026-07-09 09:59:26.074,758,MOTION DETECTED,Background Subtraction (KNN),27,27
2026-07-09 09:59:26.113,759,MOTION DETECTED,Background Subtraction (KNN),28,28
2026-07-09 09:59:26.159,760,MOTION DETECTED,Background Subtraction (KNN),27,27
2026-07-09 09:59:26.193,761,MOTION DETECTED,Background Subtraction (KNN),28,28
2026-07-09 09:59:26.236,762,MOTION DETECTED,Background Subtraction (KNN),28,28
2026-07-09 09:59:26.285,763,MOTION DETECTED,Background Subtraction (KNN),30,30
2026-07-09 09:59:26.337,764,MOTION DETECTED,Background Subtraction (KNN),32,32
2026-07-09 09:59:26.390,765,MOTION DETECTED,Background Subtraction (KNN),31,31
2026-07-09 09:59:26.427,766,MOTION DETECTED,Background Subtraction (KNN),36,36
2026-07-09 09:59:26.475,767,MOTION DETECTED,Background Subtraction (KNN),36,36
2026-07-09 09:59:26.513,768,MOTION DETECTED,Background Subtraction (KNN),32,32
2026-07-09 09:59:26.544,769,MOTION DETECTED,Background Subtraction (KNN),32,32
2026-07-09 09:59:26.578,770,MOTION DETECTED,Background Subtraction (KNN),32,32
2026-07-09 09:59:26.608,771,MOTION DETECTED,Background Subtraction (KNN),34,34
2026-07-09 09:59:26.642,772,MOTION DETECTED,Background Subtraction (KNN),32,32
2026-07-09 09:59:26.677,773,MOTION DETECTED,Background Subtraction (KNN),34,34
2026-07-09 09:59:26.711,774,MOTION DETECTED,Background Subtraction (KNN),33,33
2026-07-09 09:59:26.751,775,MOTION DETECTED,Background Subtraction (KNN),34,34
2026-07-09 09:59:26.803,776,MOTION DETECTED,Background Subtraction (KNN),36,36
2026-07-09 09:59:26.845,777,MOTION DETECTED,Background Subtraction (KNN),39,39
2026-07-09 09:59:26.894,778,MOTION DETECTED,Background Subtraction (KNN),30,30
2026-07-09 09:59:26.931,779,MOTION DETECTED,Background Subtraction (KNN),36,36
2026-07-09 09:59:26.962,780,MOTION DETECTED,Background Subtraction (KNN),35,35
2026-07-09 09:59:26.997,781,MOTION DETECTED,Background Subtraction (KNN),36,36
2026-07-09 09:59:27.050,782,MOTION DETECTED,Background Subtraction (KNN),34,34
2026-07-09 09:59:27.091,783,MOTION DETECTED,Background Subtraction (KNN),35,35
2026-07-09 09:59:27.125,784,MOTION DETECTED,Background Subtraction (KNN),32,32
2026-07-09 09:59:27.169,785,MOTION DETECTED,Background Subtraction (KNN),30,30
2026-07-09 09:59:27.212,786,MOTION DETECTED,Background Subtraction (KNN),32,32
2026-07-09 09:59:27.259,787,MOTION DETECTED,Background Subtraction (KNN),37,37
2026-07-09 09:59:27.303,788,MOTION DETECTED,Background Subtraction (KNN),37,37
2026-07-09 09:59:27.342,789,MOTION DETECTED,Background Subtraction (KNN),37,37
2026-07-09 09:59:27.434,790,MOTION DETECTED,Background Subtraction (KNN),38,38
2026-07-09 09:59:27.477,791,MOTION DETECTED,Background Subtraction (KNN),37,37
2026-07-09 09:59:27.514,792,MOTION DETECTED,Background Subtraction (KNN),38,38
2026-07-09 09:59:27.559,793,MOTION DETECTED,Background Subtraction (KNN),39,39
2026-07-09 09:59:27.608,794,MOTION DETECTED,Background Subtraction (KNN),36,36
2026-07-09 09:59:27.643,795,MOTION DETECTED,Background Subtraction (KNN),38,38
2026-07-09 09:59:27.668,796,MOTION DETECTED,Background Subtraction (KNN),35,35
2026-07-09 09:59:27.700,797,MOTION DETECTED,Background Subtraction (KNN),34,34
2026-07-09 09:59:27.751,798,MOTION DETECTED,Background Subtraction (KNN),40,40
2026-07-09 09:59:27.790,799,MOTION DETECTED,Background Subtraction (KNN),31,31
2026-07-09 09:59:27.825,800,MOTION DETECTED,Background Subtraction (KNN),34,34
2026-07-09 09:59:27.859,801,MOTION DETECTED,Background Subtraction (KNN),37,37
2026-07-09 09:59:27.900,802,MOTION DETECTED,Background Subtraction (KNN),36,36
2026-07-09 09:59:27.932,803,MOTION DETECTED,Background Subtraction (KNN),39,39
2026-07-09 09:59:27.963,804,MOTION DETECTED,Background Subtraction (KNN),43,43
2026-07-09 09:59:27.993,805,MOTION DETECTED,Background Subtraction (KNN),46,46
2026-07-09 09:59:28.033,806,MOTION DETECTED,Background Subtraction (KNN),46,46
2026-07-09 09:59:28.070,807,MOTION DETECTED,Background Subtraction (KNN),45,45
2026-07-09 09:59:28.104,808,MOTION DETECTED,Background Subtraction (KNN),43,43
2026-07-09 09:59:28.141,809,MOTION DETECTED,Background Subtraction (KNN),46,46
2026-07-09 09:59:28.174,810,MOTION DETECTED,Background Subtraction (KNN),46,46
2026-07-09 09:59:28.220,811,MOTION DETECTED,Background Subtraction (KNN),43,43
2026-07-09 09:59:28.253,812,MOTION DETECTED,Background Subtraction (KNN),44,44
2026-07-09 09:59:28.286,813,MOTION DETECTED,Background Subtraction (KNN),40,40
2026-07-09 09:59:28.318,814,MOTION DETECTED,Background Subtraction (KNN),39,39
2026-07-09 09:59:28.348,815,MOTION DETECTED,Background Subtraction (KNN),35,35
2026-07-09 09:59:28.377,816,MOTION DETECTED,Background Subtraction (KNN),32,32
2026-07-09 09:59:28.411,817,MOTION DETECTED,Background Subtraction (KNN),32,32
2026-07-09 09:59:28.444,818,MOTION DETECTED,Background Subtraction (KNN),32,32
2026-07-09 09:59:28.476,819,MOTION DETECTED,Background Subtraction (KNN),32,32
2026-07-09 09:59:28.516,820,MOTION DETECTED,Background Subtraction (KNN),35,35
2026-07-09 09:59:28.546,821,MOTION DETECTED,Background Subtraction (KNN),33,33
2026-07-09 09:59:28.582,822,MOTION DETECTED,Background Subtraction (KNN),32,32
2026-07-09 09:59:28.612,823,MOTION DETECTED,Background Subtraction (KNN),32,32
2026-07-09 09:59:28.647,824,MOTION DETECTED,Background Subtraction (KNN),31,31
2026-07-09 09:59:28.681,825,MOTION DETECTED,Background Subtraction (KNN),30,30
2026-07-09 09:59:28.719,826,MOTION DETECTED,Background Subtraction (KNN),29,29
2026-07-09 09:59:28.748,827,MOTION DETECTED,Background Subtraction (KNN),30,30
2026-07-09 09:59:28.774,828,MOTION DETECTED,Background Subtraction (KNN),31,31
2026-07-09 09:59:28.807,829,MOTION DETECTED,Background Subtraction (KNN),31,31
2026-07-09 09:59:28.844,830,MOTION DETECTED,Background Subtraction (KNN),33,33
2026-07-09 09:59:28.881,831,MOTION DETECTED,Background Subtraction (KNN),35,35
2026-07-09 09:59:28.921,832,MOTION DETECTED,Background Subtraction (KNN),31,31
2026-07-09 09:59:28.955,833,MOTION DETECTED,Background Subtraction (KNN),30,30
2026-07-09 09:59:28.990,834,MOTION DETECTED,Background Subtraction (KNN),30,30
2026-07-09 09:59:29.023,835,MOTION DETECTED,Background Subtraction (KNN),30,30
2026-07-09 09:59:29.059,836,MOTION DETECTED,Background Subtraction (KNN),30,30
2026-07-09 09:59:29.093,837,MOTION DETECTED,Background Subtraction (KNN),29,29
2026-07-09 09:59:29.125,838,MOTION DETECTED,Background Subtraction (KNN),29,29
2026-07-09 09:59:29.154,839,MOTION DETECTED,Background Subtraction (KNN),25,25
2026-07-09 09:59:29.189,840,MOTION DETECTED,Background Subtraction (KNN),25,25
2026-07-09 09:59:29.223,841,MOTION DETECTED,Background Subtraction (KNN),28,28
2026-07-09 09:59:29.254,842,MOTION DETECTED,Background Subtraction (KNN),27,27
2026-07-09 09:59:29.289,843,MOTION DETECTED,Background Subtraction (KNN),27,27
2026-07-09 09:59:29.315,844,MOTION DETECTED,Background Subtraction (KNN),28,28
2026-07-09 09:59:29.350,845,MOTION DETECTED,Background Subtraction (KNN),26,26
2026-07-09 09:59:29.394,846,MOTION DETECTED,Background Subtraction (KNN),26,26
2026-07-09 09:59:29.424,847,MOTION DETECTED,Background Subtraction (KNN),26,26
2026-07-09 09:59:29.455,848,MOTION DETECTED,Background Subtraction (KNN),23,23
2026-07-09 09:59:29.487,849,MOTION DETECTED,Background Subtraction (KNN),25,25
2026-07-09 09:59:29.532,850,MOTION DETECTED,Background Subtraction (KNN),28,28
2026-07-09 09:59:29.576,851,MOTION DETECTED,Background Subtraction (KNN),26,26
2026-07-09 09:59:29.607,852,MOTION DETECTED,Background Subtraction (KNN),26,26
2026-07-09 09:59:29.638,853,MOTION DETECTED,Background Subtraction (KNN),24,24
2026-07-09 09:59:29.680,854,MOTION DETECTED,Background Subtraction (KNN),25,25
2026-07-09 09:59:29.708,855,MOTION DETECTED,Background Subtraction (KNN),27,27
2026-07-09 09:59:29.740,856,MOTION DETECTED,Background Subtraction (KNN),25,25
2026-07-09 09:59:29.775,857,MOTION DETECTED,Background Subtraction (KNN),24,24
2026-07-09 09:59:29.809,858,MOTION DETECTED,Background Subtraction (KNN),25,25
2026-07-09 09:59:29.847,859,MOTION DETECTED,Background Subtraction (KNN),23,23
2026-07-09 09:59:29.875,860,MOTION DETECTED,Background Subtraction (KNN),23,23
2026-07-09 09:59:29.922,861,MOTION DETECTED,Background Subtraction (KNN),23,23
2026-07-09 09:59:29.945,862,MOTION DETECTED,Background Subtraction (KNN),23,23
2026-07-09 09:59:29.999,863,MOTION DETECTED,Background Subtraction (KNN),24,24
2026-07-09 09:59:30.030,864,MOTION DETECTED,Background Subtraction (KNN),23,23
2026-07-09 09:59:30.065,865,MOTION DETECTED,Background Subtraction (KNN),22,22
2026-07-09 09:59:30.095,866,MOTION DETECTED,Background Subtraction (KNN),26,26
2026-07-09 09:59:30.126,867,MOTION DETECTED,Background Subtraction (KNN),26,26
2026-07-09 09:59:30.163,868,MOTION DETECTED,Background Subtraction (KNN),24,24
2026-07-09 09:59:30.196,869,MOTION DETECTED,Background Subtraction (KNN),24,24
2026-07-09 09:59:30.260,870,MOTION DETECTED,Background Subtraction (KNN),24,24
2026-07-09 09:59:30.295,871,MOTION DETECTED,Background Subtraction (KNN),26,26
2026-07-09 09:59:30.329,872,MOTION DETECTED,Background Subtraction (KNN),23,23
2026-07-09 09:59:30.365,873,MOTION DETECTED,Background Subtraction (KNN),20,20
2026-07-09 09:59:30.401,874,MOTION DETECTED,Background Subtraction (KNN),25,25
2026-07-09 09:59:30.430,875,MOTION DETECTED,Background Subtraction (KNN),26,26
2026-07-09 09:59:30.461,876,MOTION DETECTED,Background Subtraction (KNN),24,24
2026-07-09 09:59:30.488,877,MOTION DETECTED,Background Subtraction (KNN),22,22
2026-07-09 09:59:30.550,878,MOTION DETECTED,Background Subtraction (KNN),20,20
2026-07-09 09:59:30.582,879,MOTION DETECTED,Background Subtraction (KNN),20,20
2026-07-09 09:59:30.612,880,MOTION DETECTED,Background Subtraction (KNN),19,19
2026-07-09 09:59:30.645,881,MOTION DETECTED,Background Subtraction (KNN),21,21
2026-07-09 09:59:30.710,882,MOTION DETECTED,Background Subtraction (KNN),22,22
2026-07-09 09:59:30.744,883,MOTION DETECTED,Background Subtraction (KNN),21,21
2026-07-09 09:59:30.775,884,MOTION DETECTED,Background Subtraction (KNN),25,25
2026-07-09 09:59:30.809,885,MOTION DETECTED,Background Subtraction (KNN),20,20
2026-07-09 09:59:30.874,886,MOTION DETECTED,Background Subtraction (KNN),19,19
2026-07-09 09:59:30.909,887,MOTION DETECTED,Background Subtraction (KNN),19,19
2026-07-09 09:59:30.942,888,MOTION DETECTED,Background Subtraction (KNN),16,16
2026-07-09 09:59:30.991,889,MOTION DETECTED,Background Subtraction (KNN),17,17
2026-07-09 09:59:31.044,890,MOTION DETECTED,Background Subtraction (KNN),19,19
2026-07-09 09:59:31.081,891,MOTION DETECTED,Background Subtraction (KNN),17,17
2026-07-09 09:59:31.115,892,MOTION DETECTED,Background Subtraction (KNN),19,19
2026-07-09 09:59:31.147,893,MOTION DETECTED,Background Subtraction (KNN),20,20
2026-07-09 09:59:31.182,894,MOTION DETECTED,Background Subtraction (KNN),21,21
2026-07-09 09:59:31.215,895,MOTION DETECTED,Background Subtraction (KNN),19,19
2026-07-09 09:59:31.257,896,MOTION DETECTED,Background Subtraction (KNN),16,16
2026-07-09 09:59:31.292,897,MOTION DETECTED,Background Subtraction (KNN),16,16
